sample,raw_reads,adpter_removed,fastp_input,fastp_after_filtering,fastp_passed_filters,fastp_too_short,fastp_low complexity
LV7001883305-LV7001308371-CGG3-017665_S89_L001,31510906,37799878,37.785406,24.255393,28.258536,22.976424%,2.236670%
LV7001883305-LV7001308371-CGG3-017665_S89_L002,31592678,37900347,37.886695,24.298408,28.331664,23.020419%,2.199598%
LV7001883305-LV7001308371-CGG3-017665_S89_L003,31638024,38047262,38.033734,24.419610,28.552227,22.692550%,2.236654%
LV7001883305-LV7001308371-CGG3-017665_S89_L004,31962195,38520065,38.506967,24.777401,28.933241,22.626721%,2.235601%
LV7001883306-LV7001308354-CGG3-017657_S81_L001,27850200,33587000,33.573890,23.065811,27.157663,16.775304%,2.335461%
LV7001883306-LV7001308354-CGG3-017657_S81_L002,27924943,33680354,33.667980,23.119369,27.242578,16.780041%,2.304567%
LV7001883306-LV7001308354-CGG3-017657_S81_L003,28033821,33895683,33.883082,23.264052,27.493020,16.514292%,2.344860%
LV7001883306-LV7001308354-CGG3-017657_S81_L004,28097795,33992017,33.980063,23.371749,27.552259,16.559675%,2.356723%
LV7001883307-LV7001308337-CGG3-017649_S73_L001,29912366,35016822,35.003814,24.215039,27.505483,18.219237%,3.202231%
LV7001883307-LV7001308337-CGG3-017649_S73_L002,30013578,35126245,35.113803,24.278691,27.587376,18.265578%,3.168805%
LV7001883307-LV7001308337-CGG3-017649_S73_L003,30020490,35202569,35.190318,24.348229,27.719344,18.016973%,3.213225%
LV7001883307-LV7001308337-CGG3-017649_S73_L004,30115279,35323096,35.311281,24.474804,27.787776,18.058478%,3.247758%
LV7001883308-LV7001308367-CGG3-017641_S65_L001,24311051,26886437,26.873684,14.296863,16.054142,37.227486%,3.033246%
LV7001883308-LV7001308367-CGG3-017641_S65_L002,24430024,27012061,26.999869,14.360618,16.135862,37.236621%,3.000637%
LV7001883308-LV7001308367-CGG3-017641_S65_L003,24228550,26790063,26.778179,14.257129,16.026010,37.105439%,3.047287%
LV7001883308-LV7001308367-CGG3-017641_S65_L004,24301450,26871394,26.859887,14.336336,16.073977,37.108470%,3.047731%
LV7001883309-LV7001308350-CGG3-017633_S57_L001,25196226,28263778,28.250397,12.645729,13.662533,48.853905%,2.783826%
LV7001883309-LV7001308350-CGG3-017633_S57_L002,25295359,28366068,28.353351,12.681284,13.707041,48.913054%,2.743309%
LV7001883309-LV7001308350-CGG3-017633_S57_L003,25121495,28188472,28.176002,12.639423,13.673286,48.669059%,2.802814%
LV7001883309-LV7001308350-CGG3-017633_S57_L004,25313059,28409501,28.397456,12.760885,13.773919,48.690583%,2.805357%
LV7001883310-LV7001308333-CGG3-017625_S49_L001,22607844,23230120,23.218458,14.001004,14.940441,34.911061%,0.741681%
LV7001883310-LV7001308333-CGG3-017625_S49_L002,22724977,23347338,23.336164,14.055739,15.005134,34.973601%,0.726482%
LV7001883310-LV7001308333-CGG3-017625_S49_L003,22602707,23230069,23.219153,14.019493,14.976137,34.754597%,0.746336%
LV7001883310-LV7001308333-CGG3-017625_S49_L004,22694538,23322664,23.311938,14.092092,15.015620,34.843581%,0.744700%
LV7001883311-LV7001308311-CGG3-017619_S41_L001,34124265,38776357,38.759811,29.052177,31.040160,18.231172%,1.685465%
LV7001883311-LV7001308311-CGG3-017619_S41_L002,34257873,38928364,38.912749,29.145157,31.153934,18.279809%,1.659197%
LV7001883311-LV7001308311-CGG3-017619_S41_L003,34297969,39076810,39.061369,29.301392,31.373842,17.989979%,1.690660%
LV7001883311-LV7001308311-CGG3-017619_S41_L004,34383066,39175853,39.161076,29.439888,31.422392,18.066942%,1.694221%
LV7001883312-LV7001308316-CGG3-016656_S33_L001,35824102,45398012,45.381461,38.644149,41.302678,7.416531%,1.571243%
LV7001883312-LV7001308316-CGG3-016656_S33_L002,35847824,45429640,45.413905,38.660342,41.330557,7.449668%,1.541737%
LV7001883312-LV7001308316-CGG3-016656_S33_L003,36380177,46304491,46.288795,39.352639,42.201417,7.267430%,1.562737%
LV7001883312-LV7001308316-CGG3-016656_S33_L004,36355037,46287093,46.272301,39.447604,42.164734,7.307117%,1.569829%
LV7001883313-LV7001308330-CGG3-016643_S25_L001,24902670,30289136,30.277062,20.950429,22.614271,21.911700%,3.397199%
LV7001883313-LV7001308330-CGG3-016643_S25_L002,24986248,30384249,30.372740,21.010569,22.687678,21.965187%,3.337312%
LV7001883313-LV7001308330-CGG3-016643_S25_L003,25018265,30514174,30.502807,21.130246,22.866966,21.612014%,3.421226%
LV7001883313-LV7001308330-CGG3-016643_S25_L004,25073832,30586482,30.575569,21.226427,22.903276,21.673719%,3.419168%
LV7001883314-LV7000631919-CGG3-017497_S17_L001,24829888,27246373,27.232025,14.367740,15.850808,39.140435%,2.653067%
LV7001883314-LV7000631919-CGG3-017497_S17_L002,24955937,27379473,27.365925,14.423785,15.921920,39.202698%,2.615749%
LV7001883314-LV7000631919-CGG3-017497_S17_L003,24763241,27166401,27.153198,14.331419,15.822509,39.045629%,2.683117%
LV7001883314-LV7000631919-CGG3-017497_S17_L004,24904483,27319564,27.306852,14.439351,15.906371,39.093587%,2.655938%
LV7001883315-LV7001308201-CGG3-017417_S9_L001,30070346,37339354,37.326125,31.245758,33.471884,10.211205%,0.114649%
LV7001883315-LV7001308201-CGG3-017417_S9_L002,30152784,37469903,37.457432,31.334845,33.583197,10.229639%,0.113395%
LV7001883315-LV7001308201-CGG3-017417_S9_L003,30487348,38051839,38.039412,31.813537,34.199483,9.980307%,0.114300%
LV7001883315-LV7001308201-CGG3-017417_S9_L004,30574920,38212670,38.200799,32.044171,34.333038,10.010809%,0.114008%
LV7001883316-LV7001308189-CGG3-017392_S1_L001,34759445,38009738,37.993223,29.979069,31.881879,15.894056%,0.191297%
LV7001883316-LV7001308189-CGG3-017392_S1_L002,34815987,38062318,38.046631,29.989953,31.905633,15.953573%,0.187141%
LV7001883316-LV7001308189-CGG3-017392_S1_L003,34973935,38341792,38.326140,30.252515,32.239455,15.689232%,0.192057%
LV7001883316-LV7001308189-CGG3-017392_S1_L004,35095022,38484820,38.469602,30.422165,32.329835,15.769578%,0.190470%
LV7001883317-LV7001308379-CGG3-017666_S90_L001,28458371,31512999,31.498131,19.130066,20.838108,32.635673%,1.207678%
LV7001883317-LV7001308379-CGG3-017666_S90_L002,28567570,31645023,31.630849,19.182340,20.910062,32.698436%,1.195017%
LV7001883317-LV7001308379-CGG3-017666_S90_L003,28528504,31659396,31.645501,19.263862,21.031099,32.317494%,1.224089%
LV7001883317-LV7001308379-CGG3-017666_S90_L004,28665248,31824599,31.811004,19.405454,21.129309,32.382310%,1.196306%
LV7001883318-LV7001308362-CGG3-017658_S82_L001,31393800,37850456,37.835144,27.943776,31.716558,14.057298%,2.114402%
LV7001883318-LV7001308362-CGG3-017658_S82_L002,31453527,37923472,37.908881,27.985694,31.781970,14.079848%,2.082356%
LV7001883318-LV7001308362-CGG3-017658_S82_L003,31695684,38333128,38.318756,28.269418,32.208210,13.831553%,2.115066%
LV7001883318-LV7001308362-CGG3-017658_S82_L004,31777504,38469735,38.455668,28.435967,32.313412,13.846765%,2.125538%
LV7001883319-LV7001308345-CGG3-017650_S74_L001,30039153,33978382,33.962894,27.315886,29.558170,11.871329%,1.097895%
LV7001883319-LV7001308345-CGG3-017650_S74_L002,30057759,33977394,33.962483,27.296532,29.544909,11.925842%,1.081376%
LV7001883319-LV7001308345-CGG3-017650_S74_L003,30233994,34283800,34.268866,27.544546,29.874065,11.723793%,1.100678%
LV7001883319-LV7001308345-CGG3-017650_S74_L004,30262296,34299088,34.284553,27.621646,29.865130,11.782464%,1.107957%
LV7001883320-LV7001308375-CGG3-017642_S66_L001,24650266,27957052,27.943829,18.469744,20.280080,24.609076%,2.816475%
LV7001883320-LV7001308375-CGG3-017642_S66_L002,24734006,28049628,28.037268,18.513815,20.334342,24.686746%,2.787137%
LV7001883320-LV7001308375-CGG3-017642_S66_L003,24708213,28049994,28.037833,18.536601,20.391627,24.431068%,2.839963%
LV7001883320-LV7001308375-CGG3-017642_S66_L004,24780087,28147377,28.135415,18.653755,20.457164,24.454155%,2.836187%
LV7001883321-LV7001308358-CGG3-017634_S58_L001,25495245,28397311,28.384080,14.879282,16.383114,39.435092%,2.845532%
LV7001883321-LV7001308358-CGG3-017634_S58_L002,25593487,28505852,28.493013,14.914245,16.427024,39.531004%,2.816182%
LV7001883321-LV7001308358-CGG3-017634_S58_L003,25478638,28390465,28.377879,14.878694,16.408486,39.295421%,2.883182%
LV7001883321-LV7001308358-CGG3-017634_S58_L004,25547762,28473477,28.461376,14.975187,16.468725,39.298901%,2.837681%
LV7001883322-LV7001308341-CGG3-017626_S50_L001,27331976,30716880,30.703082,16.525038,17.927560,38.740534%,2.869367%
LV7001883322-LV7001308341-CGG3-017626_S50_L002,27406116,30794838,30.782053,16.547312,17.955732,38.824373%,2.843806%
LV7001883322-LV7001308341-CGG3-017626_S50_L003,27256597,30645048,30.632737,16.512076,17.934919,38.557299%,2.894492%
LV7001883322-LV7001308341-CGG3-017626_S50_L004,27431205,30846790,30.834702,16.666633,18.050462,38.586664%,2.873895%
LV7001883323-LV7001308320-CGG3-017620_S42_L001,31172781,37703292,37.689168,26.170245,28.082186,22.916974%,2.573060%
LV7001883323-LV7001308320-CGG3-017620_S42_L002,31307113,37891058,37.877602,26.301786,28.235811,22.932788%,2.522338%
LV7001883323-LV7001308320-CGG3-017620_S42_L003,31340338,38011095,37.998012,26.412561,28.416051,22.628213%,2.588793%
LV7001883323-LV7001308320-CGG3-017620_S42_L004,31473041,38234988,38.222314,26.671745,28.608766,22.591994%,2.559670%
LV7001883324-LV7001308307-CGG3-016658_S34_L001,32448365,40808289,40.792484,34.789922,37.142482,7.147059%,1.800672%
LV7001883324-LV7001308307-CGG3-016658_S34_L002,32459731,40817582,40.803058,34.792565,37.154959,7.166475%,1.774274%
LV7001883324-LV7001308307-CGG3-016658_S34_L003,32814367,41431085,41.416130,35.267086,37.763353,7.020055%,1.799642%
LV7001883324-LV7001308307-CGG3-016658_S34_L004,32839470,41483101,41.469036,35.419681,37.807562,7.020330%,1.809087%
LV7001883325-LV7001308331-CGG3-016645_S26_L001,28158554,34748616,34.736354,25.258676,27.203479,18.616888%,3.068966%
LV7001883325-LV7001308331-CGG3-016645_S26_L002,28214497,34820937,34.809348,25.305838,27.263532,18.648695%,3.028862%
LV7001883325-LV7001308331-CGG3-016645_S26_L003,28331452,35074156,35.062447,25.517787,27.556084,18.332323%,3.076231%
LV7001883325-LV7001308331-CGG3-016645_S26_L004,28513735,35324074,35.312939,25.758847,27.740269,18.366455%,3.078008%
LV7001883326-LV7001308238-CGG3-017508_S18_L001,22968431,25461482,25.449443,16.524166,17.596065,29.370981%,1.487761%
LV7001883326-LV7001308238-CGG3-017508_S18_L002,23074191,25572646,25.561107,16.586576,17.671008,29.402224%,1.465371%
LV7001883326-LV7001308238-CGG3-017508_S18_L003,22973312,25514026,25.502726,16.593028,17.695521,29.121910%,1.491307%
LV7001883326-LV7001308238-CGG3-017508_S18_L004,23086110,25643943,25.632840,16.710913,17.773660,29.162133%,1.498457%
LV7001883327-LV7001308225-CGG3-017420_S10_L001,41109871,48696544,48.677790,39.020687,41.938185,13.712539%,0.132800%
LV7001883327-LV7001308225-CGG3-017420_S10_L002,41265291,48907856,48.890104,39.165183,42.108802,13.740157%,0.130343%
LV7001883327-LV7001308225-CGG3-017420_S10_L003,41506415,49389916,49.372189,39.570875,42.662830,13.456007%,0.133342%
LV7001883327-LV7001308225-CGG3-017420_S10_L004,41698579,49721000,49.704039,39.957768,42.939658,13.476076%,0.133243%
LV7001883328-LV7001308221-CGG3-017396_S2_L001,32661197,35294099,35.278035,28.218114,29.960468,14.792831%,0.280478%
LV7001883328-LV7001308221-CGG3-017396_S2_L002,32754883,35390471,35.375362,28.269116,30.024330,14.852040%,0.274397%
LV7001883328-LV7001308221-CGG3-017396_S2_L003,32824994,35550316,35.535404,28.432541,30.243712,14.610967%,0.280357%
LV7001883328-LV7001308221-CGG3-017396_S2_L004,32887780,35600912,35.586460,28.525678,30.252129,14.709676%,0.280101%
LV7001883329-LV7001308340-CGG3-017667_S91_L001,30331970,34616597,34.601142,22.253517,25.057665,25.879123%,1.702270%
LV7001883329-LV7001308340-CGG3-017667_S91_L002,30406321,34707980,34.693563,22.303896,25.127006,25.903249%,1.671195%
LV7001883329-LV7001308340-CGG3-017667_S91_L003,30390445,34774140,34.759735,22.387250,25.274557,25.585583%,1.702248%
LV7001883329-LV7001308340-CGG3-017667_S91_L004,30648660,35106038,35.091953,22.643959,25.515868,25.587262%,1.701287%
LV7001883330-LV7001308370-CGG3-017659_S83_L001,28791710,34718149,34.705849,24.559442,27.926994,17.238411%,2.293902%
LV7001883330-LV7001308370-CGG3-017659_S83_L002,28827448,34754388,34.742474,24.571367,27.953482,17.273309%,2.267590%
LV7001883330-LV7001308370-CGG3-017659_S83_L003,29054703,35131267,35.119424,24.838081,28.348637,16.983026%,2.296296%
LV7001883330-LV7001308370-CGG3-017659_S83_L004,29297862,35513855,35.502362,25.157941,28.662355,16.960891%,2.305452%
LV7001883331-LV7001308353-CGG3-017651_S75_L001,29553069,35079738,35.067137,26.553469,29.695449,13.015859%,2.302438%
LV7001883331-LV7001308353-CGG3-017651_S75_L002,29536395,35035780,35.023838,26.506976,29.645752,13.071609%,2.283893%
LV7001883331-LV7001308353-CGG3-017651_S75_L003,29773511,35420994,35.409096,26.790588,30.039349,12.851927%,2.312954%
LV7001883331-LV7001308353-CGG3-017651_S75_L004,29853690,35516353,35.504970,26.919422,30.109987,12.873094%,2.321914%
LV7001883332-LV7001308336-CGG3-017643_S67_L001,29627919,32779335,32.764413,24.920782,27.111154,16.651170%,0.603096%
LV7001883332-LV7001308336-CGG3-017643_S67_L002,29726605,32891633,32.877290,24.982865,27.189522,16.704692%,0.595298%
LV7001883332-LV7001308336-CGG3-017643_S67_L003,29768195,33033267,33.019317,25.133180,27.394039,16.430325%,0.606000%
LV7001883332-LV7001308336-CGG3-017643_S67_L004,29834070,33112278,33.098686,25.248104,27.440597,16.491250%,0.603353%
LV7001883333-LV7001308366-CGG3-017635_S59_L001,32719877,36836626,36.819950,22.962092,25.112447,30.000807%,1.795823%
LV7001883333-LV7001308366-CGG3-017635_S59_L002,32805872,36947343,36.931385,23.009473,25.177275,30.055626%,1.771260%
LV7001883333-LV7001308366-CGG3-017635_S59_L003,32778468,36982601,36.966495,23.094259,25.315908,29.708088%,1.808524%
LV7001883333-LV7001308366-CGG3-017635_S59_L004,32833208,37069305,37.054255,23.204547,25.352482,29.776418%,1.803688%
LV7001883334-LV7001308349-CGG3-017627_S51_L001,27314802,31232688,31.219284,20.102909,21.805514,27.628798%,2.524904%
LV7001883334-LV7001308349-CGG3-017627_S51_L002,27417152,31350761,31.338094,20.163706,21.881968,27.692603%,2.481938%
LV7001883334-LV7001308349-CGG3-017627_S51_L003,27377841,31358119,31.345679,20.207791,21.960836,27.399180%,2.540650%
LV7001883334-LV7001308349-CGG3-017627_S51_L004,27450396,31455964,31.444082,20.324078,22.024838,27.427689%,2.527849%
LV7001883335-LV7001308328-CGG3-017621_S43_L001,25082720,28453215,28.440019,15.917911,17.183505,36.083337%,3.496503%
LV7001883335-LV7001308328-CGG3-017621_S43_L002,25171745,28554267,28.541788,15.970638,17.250227,36.108379%,3.453126%
LV7001883335-LV7001308328-CGG3-017621_S43_L003,25021772,28407827,28.395526,15.917309,17.211690,35.868041%,3.517868%
LV7001883335-LV7001308328-CGG3-017621_S43_L004,25176164,28594851,28.583014,16.063677,17.320297,35.876703%,3.526829%
LV7001883336-LV7001308294-CGG3-016660_S35_L001,30041010,39277566,39.264818,32.663285,35.099445,8.302962%,2.305448%
LV7001883336-LV7001308294-CGG3-016660_S35_L002,30069540,39337406,39.325435,32.697823,35.148725,8.344279%,2.276608%
LV7001883336-LV7001308294-CGG3-016660_S35_L003,30402327,39938590,39.926651,33.155650,35.749256,8.163337%,2.299336%
LV7001883336-LV7001308294-CGG3-016660_S35_L004,30518693,40161404,40.149602,33.448814,35.948840,8.146365%,2.316409%
LV7001883337-LV7001308313-CGG3-016647_S27_L001,30342665,39471487,39.458417,30.821608,33.170818,13.007881%,2.926866%
LV7001883337-LV7001308313-CGG3-016647_S27_L002,30407370,39560992,39.548573,30.891299,33.258608,13.029241%,2.875163%
LV7001883337-LV7001308313-CGG3-016647_S27_L003,30648128,40033046,40.020453,31.246602,33.741454,12.769083%,2.920392%
LV7001883337-LV7001308313-CGG3-016647_S27_L004,30843870,40334177,40.322116,31.577087,34.000102,12.742627%,2.936148%
LV7001883338-LV7001308312-CGG3-016617_S19_L001,20339002,22280762,22.270186,10.679417,11.626250,45.111442%,2.683112%
LV7001883338-LV7001308312-CGG3-016617_S19_L002,20417588,22363871,22.353842,10.712496,11.669487,45.144369%,2.652135%
LV7001883338-LV7001308312-CGG3-016617_S19_L003,20285706,22218234,22.208399,10.642880,11.599060,45.048853%,2.722889%
LV7001883338-LV7001308312-CGG3-016617_S19_L004,20357680,22290943,22.281570,10.704707,11.638172,45.072731%,2.694990%
LV7001883339-LV7001308219-CGG3-017431_S11_L001,33610452,40659994,40.643310,32.391239,34.896019,12.549856%,1.590948%
LV7001883339-LV7001308219-CGG3-017431_S11_L002,33689007,40762312,40.746473,32.462633,34.990515,12.563698%,1.562575%
LV7001883339-LV7001308219-CGG3-017431_S11_L003,33898368,41171485,41.155900,32.795469,35.425267,12.337879%,1.586329%
LV7001883339-LV7001308219-CGG3-017431_S11_L004,34062609,41441929,41.426795,33.120402,35.663172,12.321438%,1.591352%
LV7001883340-LV7001308198-CGG3-017399_S3_L001,28150559,32145516,32.132088,26.102802,27.743139,13.341947%,0.317138%
LV7001883340-LV7001308198-CGG3-017399_S3_L002,28208820,32213767,32.200915,26.138998,27.793976,13.375257%,0.310500%
LV7001883340-LV7001308198-CGG3-017399_S3_L003,28428866,32574970,32.562224,26.455351,28.191730,13.105008%,0.316969%
LV7001883340-LV7001308198-CGG3-017399_S3_L004,28443977,32590268,32.578076,26.522753,28.175794,13.195617%,0.317404%
LV7001883341-LV7001308348-CGG3-017668_S92_L001,25976030,27441867,27.424809,18.270172,19.808726,27.650519%,0.120260%
LV7001883341-LV7001308348-CGG3-017668_S92_L002,26070658,27541475,27.525253,18.316903,19.870383,27.692312%,0.118041%
LV7001883341-LV7001308348-CGG3-017668_S92_L003,26042332,27558684,27.542733,18.378886,19.960441,27.409295%,0.119897%
LV7001883341-LV7001308348-CGG3-017668_S92_L004,26124469,27647418,27.631826,18.462056,19.999485,27.503459%,0.118099%
LV7001883342-LV7001308378-CGG3-017660_S84_L001,29603172,35115209,35.101491,26.998251,29.275411,14.711988%,1.885826%
LV7001883342-LV7001308378-CGG3-017660_S84_L002,29704004,35236460,35.223591,27.077631,29.374995,14.750217%,1.853985%
LV7001883342-LV7001308378-CGG3-017660_S84_L003,29796026,35442521,35.429608,27.250856,29.618990,14.518391%,1.882067%
LV7001883342-LV7001308378-CGG3-017660_S84_L004,29972807,35707962,35.695677,27.547177,29.861339,14.492366%,1.852297%
LV7001883343-LV7001308361-CGG3-017652_S76_L001,27855383,33215399,33.202879,23.533804,27.316528,14.906593%,2.821843%
LV7001883343-LV7001308361-CGG3-017652_S76_L002,27763578,33089365,33.077630,23.440581,27.204958,14.943386%,2.810824%
LV7001883343-LV7001308361-CGG3-017652_S76_L003,27980756,33433087,33.421240,23.667488,27.556583,14.709457%,2.838237%
LV7001883343-LV7001308361-CGG3-017652_S76_L004,28205726,33720857,33.709305,23.904468,27.779515,14.743214%,2.847745%
LV7001883344-LV7001308344-CGG3-017644_S68_L001,30848211,37432327,37.418048,26.852133,29.498698,18.244303%,2.920216%
LV7001883344-LV7001308344-CGG3-017644_S68_L002,30901734,37497318,37.483963,26.895271,29.560298,18.260313%,2.878500%
LV7001883344-LV7001308344-CGG3-017644_S68_L003,31001179,37730461,37.717026,27.087136,29.831469,17.994216%,2.912939%
LV7001883344-LV7001308344-CGG3-017644_S68_L004,31211334,38042997,38.029996,27.385590,30.090175,17.946452%,2.931333%
LV7001883345-LV7001308374-CGG3-017636_S60_L001,21496016,24236457,24.224781,12.639418,13.653140,41.091517%,2.548262%
LV7001883345-LV7001308374-CGG3-017636_S60_L002,21582208,24320146,24.309036,12.662883,13.683023,41.196525%,2.515669%
LV7001883345-LV7001308374-CGG3-017636_S60_L003,21518055,24285273,24.274520,12.685783,13.724988,40.879614%,2.579668%
LV7001883345-LV7001308374-CGG3-017636_S60_L004,21665512,24458932,24.448333,12.807298,13.827868,40.910086%,2.530361%
LV7001883346-LV7001308357-CGG3-017628_S52_L001,33029863,38368568,38.354340,23.013059,24.960533,32.274470%,2.646759%
LV7001883346-LV7001308357-CGG3-017628_S52_L002,33193271,38566611,38.553016,23.114608,25.081819,32.330321%,2.611684%
LV7001883346-LV7001308357-CGG3-017628_S52_L003,33149416,38581413,38.568168,23.188347,25.202246,31.989189%,2.666131%
LV7001883346-LV7001308357-CGG3-017628_S52_L004,33329612,38812638,38.799954,23.392823,25.359969,31.993494%,2.645684%
LV7001883347-LV7001308329-CGG3-017622_S44_L001,20460105,23043627,23.032328,11.935709,12.763522,40.614014%,3.970302%
LV7001883347-LV7001308329-CGG3-017622_S44_L002,20543636,23138137,23.127405,11.981961,12.817121,40.679030%,3.901346%
LV7001883347-LV7001308329-CGG3-017622_S44_L003,20474659,23065484,23.054736,11.954265,12.798210,40.495489%,3.992230%
LV7001883347-LV7001308329-CGG3-017622_S44_L004,20511429,23108975,23.098690,11.997237,12.811297,40.531502%,4.005193%
LV7001883348-LV7001308292-CGG3-016662_S36_L001,32960501,42595817,42.581652,34.227389,37.339098,9.470147%,2.841621%
LV7001883348-LV7001308292-CGG3-016662_S36_L002,33052224,42738748,42.725521,34.342817,37.482904,9.466040%,2.804418%
LV7001883348-LV7001308292-CGG3-016662_S36_L003,33333379,43255902,43.242555,34.693681,37.977835,9.326431%,2.848428%
LV7001883348-LV7001308292-CGG3-016662_S36_L004,33400431,43414285,43.401355,34.947457,38.133843,9.271787%,2.864959%
LV7001883349-LV7001308303-CGG3-016649_S28_L001,31858982,38866464,38.852506,31.861663,34.138836,11.310001%,0.822215%
LV7001883349-LV7001308303-CGG3-016649_S28_L002,31965111,39004765,38.991550,31.958518,34.261305,11.324936%,0.806526%
LV7001883349-LV7001308303-CGG3-016649_S28_L003,32212917,39478320,39.465073,32.352886,34.763116,11.090042%,0.824182%
LV7001883349-LV7001308303-CGG3-016649_S28_L004,32301607,39607127,39.594494,32.536514,34.861319,11.129181%,0.824943%
LV7001883350-LV7001308327-CGG3-016628_S20_L001,24577934,28387521,28.375712,17.948551,19.402962,28.314532%,3.306701%
LV7001883350-LV7001308327-CGG3-016628_S20_L002,24626905,28431755,28.420576,17.973978,19.434129,28.361276%,3.258234%
LV7001883350-LV7001308327-CGG3-016628_S20_L003,24591529,28435095,28.424054,18.000038,19.494465,28.095788%,3.319818%
LV7001883350-LV7001308327-CGG3-016628_S20_L004,24712475,28577540,28.566680,18.126145,19.576957,28.144044%,3.325217%
LV7001883351-LV7001308298-CGG3-017442_S12_L001,35438367,41626212,41.609106,33.230206,35.580405,13.415318%,1.073580%
LV7001883351-LV7001308298-CGG3-017442_S12_L002,35578925,41806076,41.789949,33.352787,35.735222,13.436484%,1.051992%
LV7001883351-LV7001308298-CGG3-017442_S12_L003,35678292,42070264,42.054138,33.593032,36.053130,13.200542%,1.069179%
LV7001883351-LV7001308298-CGG3-017442_S12_L004,35904577,42368018,42.352663,33.912443,36.299503,13.217263%,1.075014%
LV7001883352-LV7001308222-CGG3-017402_S4_L001,25014449,29499995,29.488079,24.907458,26.507597,9.946524%,0.160889%
LV7001883352-LV7001308222-CGG3-017402_S4_L002,24958328,29416485,29.405225,24.822311,26.418715,9.996931%,0.159461%
LV7001883352-LV7001308222-CGG3-017402_S4_L003,25190422,29817427,29.806368,25.170503,26.851255,9.753966%,0.160402%
LV7001883352-LV7001308222-CGG3-017402_S4_L004,25388814,30088623,30.077959,25.450339,27.079102,9.809449%,0.160832%
LV7001883365-LV7001308356-CGG3-017669_S93_L001,26159024,29729156,29.714348,19.711850,21.611778,25.412111%,1.856097%
LV7001883365-LV7001308356-CGG3-017669_S93_L002,26266626,29855637,29.841668,19.781370,21.699943,25.450890%,1.832186%
LV7001883365-LV7001308356-CGG3-017669_S93_L003,26265795,29907830,29.893765,19.849011,21.815019,25.150827%,1.874026%
LV7001883365-LV7001308356-CGG3-017669_S93_L004,26322848,29989861,29.976574,19.948217,21.870687,25.187568%,1.853170%
LV7001883366-LV7001308339-CGG3-017661_S85_L001,27399578,32519006,32.505390,23.651118,25.742719,18.508309%,2.296459%
LV7001883366-LV7001308339-CGG3-017661_S85_L002,27518467,32666482,32.653398,23.748843,25.865150,18.538012%,2.250783%
LV7001883366-LV7001308339-CGG3-017661_S85_L003,27536426,32760272,32.747328,23.829191,26.002234,18.290552%,2.306836%
LV7001883366-LV7001308339-CGG3-017661_S85_L004,27726024,33029867,33.017567,24.097798,26.226307,18.271328%,2.297298%
LV7001883367-LV7001308369-CGG3-017653_S77_L001,21065226,25910368,25.900841,19.319237,22.270912,11.882290%,2.132425%
LV7001883367-LV7001308369-CGG3-017653_S77_L002,21063129,25901171,25.892043,19.307093,22.265383,11.897628%,2.109223%
LV7001883367-LV7001308369-CGG3-017653_S77_L003,21275785,26255731,26.246589,19.538636,22.624040,11.666125%,2.135855%
LV7001883367-LV7001308369-CGG3-017653_S77_L004,21283565,26297111,26.288484,19.630678,22.658806,11.664838%,2.142265%
LV7001883368-LV7001308352-CGG3-017645_S69_L001,31988632,35708734,35.691324,23.779569,26.119154,24.101857%,2.717462%
LV7001883368-LV7001308352-CGG3-017645_S69_L002,32110637,35841607,35.825019,23.848977,26.210108,24.150929%,2.687608%
LV7001883368-LV7001308352-CGG3-017645_S69_L003,32014327,35765697,35.749329,23.825551,26.208302,23.953180%,2.735509%
LV7001883368-LV7001308352-CGG3-017645_S69_L004,32235432,36016854,36.000748,24.031052,26.379555,23.972857%,2.752123%
LV7001883369-LV7001308335-CGG3-017637_S61_L001,32360923,37103413,37.088801,19.774677,21.526211,39.303959%,2.656389%
LV7001883369-LV7001308335-CGG3-017637_S61_L002,32502240,37262991,37.248999,19.860095,21.627788,39.333739%,2.603525%
LV7001883369-LV7001308335-CGG3-017637_S61_L003,32444313,37259749,37.245938,19.911079,21.723937,39.003077%,2.671268%
LV7001883369-LV7001308335-CGG3-017637_S61_L004,32613313,37468421,37.455396,20.064146,21.842737,39.024927%,2.658410%
LV7001883370-LV7001308365-CGG3-017629_S53_L001,34904023,39786442,39.768595,23.579942,25.857125,32.367721%,2.613323%
LV7001883370-LV7001308365-CGG3-017629_S53_L002,35058441,39962831,39.946199,23.669039,25.969846,32.421698%,2.566244%
LV7001883370-LV7001308365-CGG3-017629_S53_L003,34933792,39877094,39.860732,23.668686,26.011721,32.114016%,2.629478%
LV7001883370-LV7001308365-CGG3-017629_S53_L004,35013665,39987619,39.971883,23.807070,26.084406,32.150822%,2.592292%
LV7001883371-LV7001308305-CGG3-017623_S45_L001,20341171,23004878,22.994459,13.229667,14.138785,35.382781%,3.129428%
LV7001883371-LV7001308305-CGG3-017623_S45_L002,20421954,23088819,23.079177,13.271961,14.186149,35.460073%,3.072618%
LV7001883371-LV7001308305-CGG3-017623_S45_L003,20322808,22993029,22.983435,13.243704,14.171481,35.192390%,3.148067%
LV7001883371-LV7001308305-CGG3-017623_S45_L004,20471175,23168414,23.158980,13.365587,14.269073,35.228887%,3.157548%
LV7001883372-LV7001308300-CGG3-016664_S37_L001,25717471,31420413,31.405803,24.442794,26.208169,13.433323%,3.116593%
LV7001883372-LV7001308300-CGG3-016664_S37_L002,25788000,31505442,31.491770,24.511318,26.293073,13.431658%,3.076455%
LV7001883372-LV7001308300-CGG3-016664_S37_L003,25872505,31699676,31.686027,24.657542,26.503913,13.237097%,3.117475%
LV7001883372-LV7001308300-CGG3-016664_S37_L004,26009995,31903660,31.890154,24.868221,26.649813,13.297161%,3.135313%
LV7001883373-LV7001308323-CGG3-016651_S29_L001,29391893,35591883,35.578626,28.356189,30.596532,12.048495%,1.954558%
LV7001883373-LV7001308323-CGG3-016651_S29_L002,29450354,35661731,35.648919,28.396172,30.652066,12.089935%,1.926908%
LV7001883373-LV7001308323-CGG3-016651_S29_L003,29657978,36039034,36.026348,28.702077,31.044314,11.870110%,1.958753%
LV7001883373-LV7001308323-CGG3-016651_S29_L004,29777987,36221607,36.209442,28.925813,31.202294,11.869180%,1.959113%
LV7001883374-LV7001308319-CGG3-016635_S21_L001,28850982,34922014,34.908574,23.702576,25.618602,23.551094%,3.061199%
LV7001883374-LV7001308319-CGG3-016635_S21_L002,28974688,35071923,35.059131,23.792022,25.724985,23.607907%,3.016102%
LV7001883374-LV7001308319-CGG3-016635_S21_L003,29053128,35245728,35.233068,23.943288,25.944967,23.291894%,3.069991%
LV7001883374-LV7001308319-CGG3-016635_S21_L004,29176399,35412569,35.400319,24.106587,26.055366,23.331290%,3.066645%
LV7001883375-LV7001308322-CGG3-017453_S13_L001,29571498,35958483,35.944189,27.902029,29.944107,14.518848%,2.173926%
LV7001883375-LV7001308322-CGG3-017453_S13_L002,29677254,36106891,36.093398,28.012668,30.076604,14.530799%,2.139269%
LV7001883375-LV7001308322-CGG3-017453_S13_L003,29787703,36358102,36.344655,28.214313,30.358993,14.287361%,2.181806%
LV7001883375-LV7001308322-CGG3-017453_S13_L004,29882446,36520966,36.508075,28.432724,30.503103,14.286713%,2.161626%
LV7001883376-LV7001308199-CGG3-017405_S5_L001,43556121,55425522,55.405076,44.533939,47.732194,11.632566%,2.216133%
LV7001883376-LV7001308199-CGG3-017405_S5_L002,43737308,55712398,55.693100,44.761884,48.001259,11.638946%,2.172174%
LV7001883376-LV7001308199-CGG3-017405_S5_L003,44085984,56334921,56.315323,45.237774,48.635263,11.411534%,2.226069%
LV7001883376-LV7001308199-CGG3-017405_S5_L004,44267603,56648572,56.629935,45.629015,48.917907,11.408009%,2.210280%
LV7001883377-LV7001308364-CGG3-017670_S94_L001,24005855,28377099,28.364882,21.016321,22.750870,17.125197%,2.666925%
LV7001883377-LV7001308364-CGG3-017670_S94_L002,24109357,28499386,28.487859,21.098061,22.851876,17.158341%,2.625466%
LV7001883377-LV7001308364-CGG3-017670_S94_L003,24131209,28595958,28.584475,21.184562,22.985500,16.919751%,2.667717%
LV7001883377-LV7001308364-CGG3-017670_S94_L004,24230657,28736428,28.725393,21.339047,23.094586,16.912910%,2.689283%
LV7001883378-LV7001308347-CGG3-017662_S86_L001,31068385,35714991,35.698364,26.682318,29.031442,17.507323%,1.168384%
LV7001883378-LV7001308347-CGG3-017662_S86_L002,31131833,35793154,35.777300,26.726319,29.092865,17.533567%,1.149886%
LV7001883378-LV7001308347-CGG3-017662_S86_L003,31198918,35968065,35.952309,26.882827,29.318903,17.274696%,1.175874%
LV7001883378-LV7001308347-CGG3-017662_S86_L004,31426519,36281950,36.266566,27.188898,29.578383,17.273723%,1.168010%
LV7001883379-LV7001308377-CGG3-017654_S78_L001,29855173,35864046,35.849808,26.286645,29.991994,13.880889%,2.458987%
LV7001883379-LV7001308377-CGG3-017654_S78_L002,29867763,35877659,35.864110,26.293193,30.007557,13.907695%,2.422148%
LV7001883379-LV7001308377-CGG3-017654_S78_L003,30066465,36219053,36.205659,26.525518,30.367245,13.668314%,2.457381%
LV7001883379-LV7001308377-CGG3-017654_S78_L004,30104006,36291328,36.278357,26.642832,30.411423,13.690694%,2.481300%
LV7001883380-LV7001308360-CGG3-017646_S70_L001,28422612,31889827,31.875228,20.285969,22.717358,25.917967%,2.812400%
LV7001883380-LV7001308360-CGG3-017646_S70_L002,28501564,31971515,31.957440,20.310449,22.754544,26.012856%,2.784494%
LV7001883380-LV7001308360-CGG3-017646_S70_L003,28478307,31964719,31.951174,20.341406,22.827601,25.729621%,2.825114%
LV7001883380-LV7001308360-CGG3-017646_S70_L004,28545367,32052621,32.039365,20.440437,22.872480,25.772128%,2.839192%
LV7001883381-LV7001308343-CGG3-017638_S62_L001,28656886,31994286,31.978447,18.193633,20.346646,33.496492%,2.877385%
LV7001883381-LV7001308343-CGG3-017638_S62_L002,28738717,32083917,32.068746,18.241781,20.409026,33.528405%,2.830111%
LV7001883381-LV7001308343-CGG3-017638_S62_L003,28644324,32002997,31.988195,18.220560,20.411620,33.293670%,2.896478%
LV7001883381-LV7001308343-CGG3-017638_S62_L004,28704451,32078547,32.064011,18.313981,20.455740,33.314397%,2.889030%
LV7001883382-LV7001308373-CGG3-017630_S54_L001,31034778,32265573,32.249701,20.822239,22.422912,30.347491%,0.123455%
LV7001883382-LV7001308373-CGG3-017630_S54_L002,31175344,32414338,32.399206,20.896279,22.514237,30.389063%,0.120849%
LV7001883382-LV7001308373-CGG3-017630_S54_L003,31059491,32333464,32.318935,20.896017,22.537600,30.141590%,0.123438%
LV7001883382-LV7001308373-CGG3-017630_S54_L004,31145960,32428881,32.414999,20.995128,22.580185,30.215790%,0.124529%
LV7001883383-LV7001308297-CGG3-017624_S46_L001,22754551,25887533,25.875207,15.257393,16.337886,33.990971%,2.867946%
LV7001883383-LV7001308297-CGG3-017624_S46_L002,22827351,25964783,25.952864,15.303954,16.395918,34.007318%,2.816926%
LV7001883383-LV7001308297-CGG3-017624_S46_L003,22725771,25880081,25.868299,15.285101,16.395622,33.744627%,2.874236%
LV7001883383-LV7001308297-CGG3-017624_S46_L004,22817060,25990544,25.979424,15.388701,16.461038,33.781184%,2.856988%
LV7001883384-LV7001308306-CGG3-016666_S38_L001,24319990,31341834,31.331703,25.098947,27.033824,10.921478%,2.795871%
LV7001883384-LV7001308306-CGG3-016666_S38_L002,24383391,31416333,31.406575,25.151226,27.101463,10.943562%,2.764115%
LV7001883384-LV7001308306-CGG3-016666_S38_L003,24582290,31813138,31.803449,25.458868,27.503773,10.731484%,2.788044%
LV7001883384-LV7001308306-CGG3-016666_S38_L004,24652504,31940399,31.931203,25.624418,27.608076,10.724961%,2.813918%
LV7001883385-LV7001308314-CGG3-016652_S30_L001,29568476,34444086,34.430248,28.622201,30.592140,10.643031%,0.504458%
LV7001883385-LV7001308314-CGG3-016652_S30_L002,29633449,34513223,34.499970,28.656874,30.639567,10.695015%,0.494569%
LV7001883385-LV7001308314-CGG3-016652_S30_L003,29856971,34921891,34.908844,29.007097,31.079511,10.462824%,0.506697%
LV7001883385-LV7001308314-CGG3-016652_S30_L004,29826249,34885757,34.873453,29.043055,31.024482,10.530067%,0.506898%
LV7001883386-LV7001308318-CGG3-016637_S22_L001,23896172,27554169,27.542335,17.608634,18.932478,28.448855%,2.811592%
LV7001883386-LV7001308318-CGG3-016637_S22_L002,23986927,27652242,27.640994,17.659899,18.996710,28.509051%,2.764369%
LV7001883386-LV7001308318-CGG3-016637_S22_L003,23917084,27616242,27.605174,17.727110,19.091626,28.001541%,2.838866%
LV7001883386-LV7001308318-CGG3-016637_S22_L004,24013938,27724069,27.713179,17.767932,19.089196,28.298421%,2.820286%
LV7001883387-LV7001308281-CGG3-017464_S14_L001,27811070,30305005,30.289880,21.409349,22.996515,23.830926%,0.247627%
LV7001883387-LV7001308281-CGG3-017464_S14_L002,27914762,30418180,30.403912,21.467469,23.068115,23.883782%,0.244025%
LV7001883387-LV7001308281-CGG3-017464_S14_L003,27919914,30503384,30.489397,21.582094,23.230765,23.560397%,0.246673%
LV7001883387-LV7001308281-CGG3-017464_S14_L004,28033973,30643651,30.630132,21.724990,23.313722,23.638204%,0.248112%
LV7001883388-LV7001308223-CGG3-017408_S6_L001,28918684,34867509,34.855634,28.948822,30.957715,10.920676%,0.262362%
LV7001883388-LV7001308223-CGG3-017408_S6_L002,28966506,34943431,34.932185,28.990918,31.019835,10.941580%,0.258263%
LV7001883388-LV7001308223-CGG3-017408_S6_L003,29294262,35488146,35.476752,29.451296,31.594153,10.681866%,0.262200%
LV7001883388-LV7001308223-CGG3-017408_S6_L004,29360877,35606902,35.595936,29.629723,31.686204,10.722730%,0.260917%
LV7001883389-LibPTC22101201-LibPTC_S95_L001,292,299,299</td,206</td,215,27.090301%,1.003344%
LV7001883389-LibPTC22101201-LibPTC_S95_L002,308,315,315</td,201</td,215,31.428571%,0.317460%
LV7001883389-LibPTC22101201-LibPTC_S95_L003,334,342,342</td,234</td,248,26.900585%,0.584795%
LV7001883389-LibPTC22101201-LibPTC_S95_L004,360,370,370</td,242</td,259,29.459459%,0.540541%
LV7001883390-LV7001308355-CGG3-017663_S87_L001,28694674,34331171,34.318227,24.974526,27.127254,18.928854%,2.024947%
LV7001883390-LV7001308355-CGG3-017663_S87_L002,28806687,34469694,34.457336,25.045704,27.215245,19.016493%,2.001066%
LV7001883390-LV7001308355-CGG3-017663_S87_L003,28907133,34683957,34.671786,25.231054,27.476328,18.709619%,2.043445%
LV7001883390-LV7001308355-CGG3-017663_S87_L004,29076053,34943477,34.931695,25.496113,27.702169,18.694137%,2.002041%
LV7001883391-LV7001308338-CGG3-017655_S79_L001,23694970,28972997,28.961320,21.069974,24.712543,12.864600%,1.805923%
LV7001883391-LV7001308338-CGG3-017655_S79_L002,23752210,29044541,29.033729,21.110268,24.773325,12.891220%,1.782761%
LV7001883391-LV7001308338-CGG3-017655_S79_L003,23946840,29372974,29.362113,21.322262,25.117627,12.646059%,1.809597%
LV7001883391-LV7001308338-CGG3-017655_S79_L004,24000086,29468494,29.457938,21.432805,25.193634,12.667363%,1.808545%
LV7001883392-LV7001308368-CGG3-017647_S71_L001,25520773,29400080,29.388651,21.270678,23.207530,18.201846%,2.830494%
LV7001883392-LV7001308368-CGG3-017647_S71_L002,25561383,29441012,29.430162,21.289112,23.234883,18.250097%,2.800685%
LV7001883392-LV7001308368-CGG3-017647_S71_L003,25576557,29505383,29.494394,21.351089,23.337856,18.033596%,2.839991%
LV7001883392-LV7001308368-CGG3-017647_S71_L004,25693445,29657188,29.646712,21.522212,23.458634,18.028907%,2.843823%
LV7001883393-LV7001308351-CGG3-017639_S63_L001,25803697,28296586,28.283792,14.947921,16.729020,38.478893%,2.374088%
LV7001883393-LV7001308351-CGG3-017639_S63_L002,25905529,28408675,28.396452,15.003535,16.803107,38.484498%,2.342240%
LV7001883393-LV7001308351-CGG3-017639_S63_L003,25728726,28216102,28.204337,14.920804,16.719233,38.321014%,2.400042%
LV7001883393-LV7001308351-CGG3-017639_S63_L004,25831362,28328809,28.317196,15.010452,16.780043,38.380424%,2.362144%
LV7001883394-LV7001308334-CGG3-017631_S55_L001,25363646,28045435,28.032619,16.311066,17.449863,35.548020%,2.203558%
LV7001883394-LV7001308334-CGG3-017631_S55_L002,25448738,28135010,28.122737,16.344484,17.493033,35.629061%,2.168484%
LV7001883394-LV7001308334-CGG3-017631_S55_L003,25323230,28026707,28.014442,16.327798,17.490659,35.338427%,2.227137%
LV7001883394-LV7001308334-CGG3-017631_S55_L004,25477542,28198724,28.186923,16.443570,17.572459,35.420599%,2.236807%
LV7001883395-ExrPTC22101201-ExrPTC_S47_L001,10503,10631,10.624000,6.964000,7.397000,30.252259%,0.122364%
LV7001883395-ExrPTC22101201-ExrPTC_S47_L002,10403,10554,10.549000,6.799000,7.266000,30.988719%,0.132714%
LV7001883395-ExrPTC22101201-ExrPTC_S47_L003,10390,10517,10.509000,6.900000,7.373000,29.764963%,0.076125%
LV7001883395-ExrPTC22101201-ExrPTC_S47_L004,10325,10467,10.462000,6.840000,7.286000,30.261900%,0.095584%
LV7001883396-LV7001308240-CGG3-016668_S39_L001,26507358,33546929,33.535719,26.724062,28.700823,11.386271%,3.030882%
LV7001883396-LV7001308240-CGG3-016668_S39_L002,26570747,33632569,33.621663,26.786440,28.780292,11.408180%,2.991378%
LV7001883396-LV7001308240-CGG3-016668_S39_L003,26744354,33972689,33.961839,27.064763,29.152615,11.132298%,3.028373%
LV7001883396-LV7001308240-CGG3-016668_S39_L004,26787559,34056977,34.046776,27.193100,29.200021,11.179079%,3.056498%
LV7001883397-LV7001308304-CGG3-016653_S31_L001,33564382,42236347,42.221382,35.205139,37.693771,8.781896%,1.941606%
LV7001883397-LV7001308304-CGG3-016653_S31_L002,33590928,42275028,42.260937,35.229408,37.730238,8.807706%,1.913067%
LV7001883397-LV7001308304-CGG3-016653_S31_L003,33955456,42904775,42.890651,35.719111,38.359878,8.620760%,1.942785%
LV7001883397-LV7001308304-CGG3-016653_S31_L004,34036289,43042754,43.028796,35.937960,38.473053,8.641155%,1.946506%
LV7001883398-LV7001308299-CGG3-016639_S23_L001,24681753,28823224,28.810997,18.601429,20.113325,27.110554%,3.078168%
LV7001883398-LV7001308299-CGG3-016639_S23_L002,24752235,28904171,28.892556,18.647315,20.171766,27.158698%,3.024821%
LV7001883398-LV7001308299-CGG3-016639_S23_L003,24729549,28926141,28.914593,18.687585,20.249935,26.867879%,3.098505%
LV7001883398-LV7001308299-CGG3-016639_S23_L004,24744926,28950966,28.939800,18.759959,20.261501,26.911209%,3.076210%
LV7001883399-LV7001308275-CGG3-017475_S15_L001,34450345,42042265,42.024598,32.955725,35.482218,13.192060%,2.375918%
LV7001883399-LV7001308275-CGG3-017475_S15_L002,34553202,42187788,42.170940,33.069784,35.619534,13.201781%,2.333576%
LV7001883399-LV7001308275-CGG3-017475_S15_L003,34730162,42542833,42.526317,33.337757,35.995720,12.989343%,2.367259%
LV7001883399-LV7001308275-CGG3-017475_S15_L004,34870500,42777114,42.761275,33.627515,36.195400,12.974099%,2.380624%
LV7001883400-LV7001308200-CGG3-017411_S7_L001,31192217,37308085,37.294787,30.630894,32.871388,11.556543%,0.304093%
LV7001883400-LV7001308200-CGG3-017411_S7_L002,31259160,37414669,37.402083,30.694939,32.958560,11.582890%,0.297526%
LV7001883400-LV7001308200-CGG3-017411_S7_L003,31498102,37844873,37.832358,31.058116,33.432694,11.325445%,0.303922%
LV7001883400-LV7001308200-CGG3-017411_S7_L004,31532677,37904507,37.892589,31.188730,33.462421,11.388562%,0.302822%
LV7001883402-LV7001308363-CGG3-017664_S88_L001,40164264,46897365,46.878837,26.813633,32.072517,29.384404%,2.199826%
LV7001883402-LV7001308363-CGG3-017664_S88_L002,40307321,47079404,47.062007,26.901355,32.203296,29.416977%,2.155648%
LV7001883402-LV7001308363-CGG3-017664_S88_L003,40243321,47084103,47.066787,26.952172,32.346602,29.073257%,2.201844%
LV7001883402-LV7001308363-CGG3-017664_S88_L004,40427021,47346600,47.329487,27.177168,32.534759,29.079658%,2.179350%
LV7001883403-LV7001308346-CGG3-017656_S80_L001,28569246,34385978,34.371839,23.933883,28.118953,15.863635%,2.328252%
LV7001883403-LV7001308346-CGG3-017656_S80_L002,28614967,34430877,34.417715,23.947390,28.154851,15.888394%,2.308236%
LV7001883403-LV7001308346-CGG3-017656_S80_L003,28711919,34640180,34.626658,24.094256,28.402612,15.634015%,2.340708%
LV7001883403-LV7001308346-CGG3-017656_S80_L004,28873762,34873070,34.859998,24.298107,28.589917,15.633351%,2.353113%
LV7001883404-LV7001308376-CGG3-017648_S72_L001,28790549,32156292,32.140262,21.041170,23.598431,23.212490%,3.364241%
LV7001883404-LV7001308376-CGG3-017648_S72_L002,28872102,32235541,32.219971,21.082278,23.656543,23.277128%,3.300884%
LV7001883404-LV7001308376-CGG3-017648_S72_L003,28820388,32202194,32.186881,21.074536,23.675074,23.070934%,3.374024%
LV7001883404-LV7001308376-CGG3-017648_S72_L004,28887899,32275634,32.260901,21.160880,23.709692,23.115864%,3.390553%
LV7001883405-LV7001308359-CGG3-017640_S64_L001,25815851,28608504,28.594135,15.493123,17.276985,36.859433%,2.719138%
LV7001883405-LV7001308359-CGG3-017640_S64_L002,25919848,28718482,28.704579,15.543734,17.342154,36.900280%,2.683736%
LV7001883405-LV7001308359-CGG3-017640_S64_L003,25860276,28666299,28.652868,15.522129,17.334954,36.734850%,2.765259%
LV7001883405-LV7001308359-CGG3-017640_S64_L004,25985290,28807446,28.794255,15.638455,17.429046,36.751678%,2.718726%
LV7001883406-LV7001308342-CGG3-017632_S56_L001,26354743,29635055,29.620972,15.313870,16.675103,40.751154%,2.953924%
LV7001883406-LV7001308342-CGG3-017632_S56_L002,26437258,29721396,29.708227,15.350742,16.723060,40.801055%,2.907939%
LV7001883406-LV7001308342-CGG3-017632_S56_L003,26294877,29587184,29.574037,15.325616,16.715099,40.515727%,2.964769%
LV7001883406-LV7001308342-CGG3-017632_S56_L004,26413394,29728603,29.716170,15.427281,16.780856,40.563710%,2.965836%
LV7001883407-ExrNTC22101201-ExrNTC_S48_L001,301924,346396,346.271000,234.427000,254.082000,26.055893%,0.567475%
LV7001883407-ExrNTC22101201-ExrNTC_S48_L002,303292,348838,348.713000,236.515000,256.614000,25.857654%,0.553464%
LV7001883407-ExrNTC22101201-ExrNTC_S48_L003,304538,350891,350.771000,238.213000,259.150000,25.572239%,0.547651%
LV7001883407-ExrNTC22101201-ExrNTC_S48_L004,307105,354388,354.253000,241.955000,262.227000,25.415452%,0.562028%
LV7001883408-LV7001308256-CGG3-016670_S40_L001,23928784,31478674,31.467920,25.266000,27.190868,10.669174%,2.922611%
LV7001883408-LV7001308256-CGG3-016670_S40_L002,23947332,31481772,31.471619,25.254595,27.182663,10.748275%,2.879737%
LV7001883408-LV7001308256-CGG3-016670_S40_L003,24234999,32012982,32.002704,25.672403,27.706663,10.507950%,2.916044%
LV7001883408-LV7001308256-CGG3-016670_S40_L004,24491846,32464198,32.454392,26.112419,28.116696,10.438969%,2.926544%
LV7001883409-LV7001308315-CGG3-016654_S32_L001,24261050,32830815,32.820905,26.976300,28.875462,9.032295%,2.988833%
LV7001883409-LV7001308315-CGG3-016654_S32_L002,24320932,32922913,32.913209,27.049926,28.968659,9.042102%,2.942600%
LV7001883409-LV7001308315-CGG3-016654_S32_L003,24661210,33526867,33.517270,27.515868,29.556747,8.831584%,2.984781%
LV7001883409-LV7001308315-CGG3-016654_S32_L004,24730908,33655729,33.646441,27.692845,29.663147,8.835021%,3.003658%
LV7001883410-LV7001308321-CGG3-016641_S24_L001,22865256,26973498,26.962437,18.070448,19.385512,25.511685%,2.590096%
LV7001883410-LV7001308321-CGG3-016641_S24_L002,22916356,27023009,27.012772,18.091481,19.412251,25.580703%,2.556065%
LV7001883410-LV7001308321-CGG3-016641_S24_L003,22975145,27160680,27.150414,18.223850,19.586522,25.256871%,2.602343%
LV7001883410-LV7001308321-CGG3-016641_S24_L004,23123089,27346786,27.336834,18.390695,19.716505,25.285167%,2.590516%
LV7001883411-LV7000631925-CGG3-017486_S16_L001,18377300,23260590,23.252585,17.989870,19.335823,14.065172%,2.779244%
LV7001883411-LV7000631925-CGG3-017486_S16_L002,18315479,23168704,23.161205,17.916219,19.258128,14.106023%,2.745764%
LV7001883411-LV7000631925-CGG3-017486_S16_L003,18531705,23549345,23.541909,18.220006,19.638354,13.807028%,2.774274%
LV7001883411-LV7000631925-CGG3-017486_S16_L004,18861954,24045031,24.037458,18.661942,20.072523,13.726131%,2.768687%
LV7001883412-LV7001308224-CGG3-017414_S8_L001,53776218,69008538,68.986254,56.311008,60.204142,11.295836%,1.434399%
LV7001883412-LV7001308224-CGG3-017414_S8_L002,54041372,69400849,69.379512,56.601885,60.548370,11.317364%,1.411382%
LV7001883412-LV7001308224-CGG3-017414_S8_L003,54557335,70358546,70.337486,57.397649,61.554905,11.051035%,1.435310%
LV7001883412-LV7001308224-CGG3-017414_S8_L004,54901045,70979794,70.959530,58.070961,62.117612,11.027853%,1.432655%
